<?xml version="1.0" encoding="UTF-8"?>
<beans:beans
	xmlns="http://www.springframework.org/schema/mvc"
	xmlns:xsi="http://www.w3.org/2001/XMLSchema-instance"
	xmlns:beans="http://www.springframework.org/schema/beans"
	xmlns:context="http://www.springframework.org/schema/context"
	xsi:schemaLocation="http://www.springframework.org/schema/mvc https://www.springframework.org/schema/mvc/spring-mvc.xsd
      http://www.springframework.org/schema/beans https://www.springframework.org/schema/beans/spring-beans.xsd
      http://www.springframework.org/schema/context https://www.springframework.org/schema/context/spring-context.xsd">

	<!-- DispatcherServlet Context: defines this servlet's request-processing 
		infrastructure -->

	<!-- Enables the Spring MVC @Controller programming model -->
	<annotation-driven />

	<!-- Handles HTTP GET requests for /resources/** by efficiently serving 
		up static resources in the ${webappRoot}/resources directory -->
	<resources mapping="/resources/**" location="/resources/" />
	<resources location="/image/" mapping="/image/**" />
	<resources location="/img/" mapping="/img/**" />
	<resources location="/js/" mapping="/js/**" />
	<resources location="/css/" mapping="/css/**" />

	<!-- Resolves views selected for rendering by @Controllers to .jsp resources 
		in the /WEB-INF/views directory -->
	<beans:bean
		class="org.springframework.web.servlet.view.InternalResourceViewResolver">
		<beans:property name="suffix" value=".jsp" />
	</beans:bean>

	<beans:bean id="beanNameViewResolver"
		class="org.springframework.web.servlet.view.BeanNameViewResolver">
		<beans:property name="order" value="0" />
	</beans:bean>

	<!-- File UpLoad -->
	<beans:bean id="multipartResolver"
		class="org.springframework.web.multipart.commons.CommonsMultipartResolver">
		<beans:property name="maxUploadSize" value="5000000" /> <!-- 5MB -->
	</beans:bean>

	<!-- JSON -->
	<beans:bean id="jsonView"
		class="org.springframework.web.servlet.view.json.MappingJackson2JsonView">
		<beans:property name="contentType"
			value="text/html;charset=UTF-8"></beans:property>
	</beans:bean>

	<context:component-scan base-package="com.admin.simri" />
	<context:component-scan base-package="admin.controller" />
	<context:component-scan base-package="chart.controller"/>
	<context:component-scan base-package="community.controller"/>
	<context:component-scan base-package="member.controller"/>
	<context:component-scan base-package="post.controller"/>
	
</beans:beans>
