<?xml version="1.0" encoding="UTF-8"?>
<!DOCTYPE mapper
 PUBLIC "-//mybatis.org//DTD Mapper 3.0//EN"
 "http://mybatis.org/dtd/mybatis-3-mapper.dtd">
<mapper namespace="communitySQL">
	
	<select id="getCommunity" parameterType="java.util.Map" resultType="community">
		select * from (select rownum rn, tt.*from 
		(select * from community where category=#{comCategory} order by comlogtime desc, seq desc)tt 
		)where rn<![CDATA[ >= ]]>#{startNum}
		 and rn <![CDATA[ <= ]]>#{endNum}
	</select>
	
	<select id="getComPalette" parameterType="java.util.Map" resultType="community">
		select * from (select rownum rn, tt.*from 
		(select * from community where category like '%팔레트%' order by comlogtime desc, seq desc)tt 
		)where rn<![CDATA[ >= ]]>#{startNum}
		 and rn <![CDATA[ <= ]]>#{endNum}
	</select>
	
	
	<delete id="communityDelete" parameterType="int">
		delete community where seq=#{seq}
	</delete>
	
	<select id="getTotalA" parameterType="java.util.Map" resultType="int">
		select count(*) from community where category=#{comCategory}
	</select>
	
	<select id="getTotalB" parameterType="java.util.Map" resultType="int">
		select count(*) from community  where category like '%팔레트%'
	</select>
	
	
	<insert id="noticeWrite" parameterType="community">
      insert into community values('[공지사항]', seq.nextval,'admin@gmail.com','admin', 'rainbow', #{subject}, #{content}, 'null' ,sysdate, #{image}, 0,0,0,0,0,0,0,0,0)
   </insert>
	
	<select id="getCommunityView" parameterType="int" resultType="community">
		select * from community where seq=#{seq}
	</select>
	
	<select id="getComSearch" parameterType="java.util.Map" resultType="community">
	select * from (select rownum rn, tt.*from 
		(select * from community where nickname like '%'||#{comSearchText}||'%' order by comlogtime desc, seq desc)tt 
		)where rn<![CDATA[ >= ]]>#{startNum}
		 and rn <![CDATA[ <= ]]>#{endNum}
		 
	</select>
	
	<select id="getSearchTotalA" parameterType="String" resultType="int">
		select count(*) from community where nickname like '%'||#{comSearchText}||'%'
	</select>
	
	<update id="viewModify" parameterType="community">
		update community set subject = #{subject}, content = #{content}, comlogtime = sysdate, image = #{image}, testurl =#{testURL}  where seq=#{seq}
	</update>
	
	
	
</mapper>



























