<?xml version="1.0" encoding="UTF-8"?>
<!DOCTYPE mapper
 PUBLIC "-//mybatis.org//DTD Mapper 3.0//EN"
 "http://mybatis.org/dtd/mybatis-3-mapper.dtd">
<mapper namespace="communitySQL">
	
	<select id="getCommunity" parameterType="java.util.Map" resultType="community">
		select * from (select rownum rn, tt.*from 
		(select * from community where category=#{comCategory} order by comlogtime desc, seq desc)tt 
		)where rn<![CDATA[ >= ]]>#{startNum}
		 and rn <![CDATA[ <= ]]>#{endNum}
	</select>
	
	<delete id="communityDelete" parameterType="int">
		delete community where seq=#{seq}
	</delete>
	
	<select id="getTotalA" parameterType="java.util.Map" resultType="int">
		select count(*) from community where category=#{comCategory}
	</select>
	
	<insert id="noticeWrite" parameterType="community">
		insert into community values('[공지사항]', seq.nextval+20,'admin@gmail.com', #{subject}, #{content}, sysdate, #{image}, 0,0,0,0,'admin','admin',0,'dlrj')
	</insert>
	
	<select id="getCommunityView" parameterType="int" resultType="community">
		select * from community where seq=#{seq}
	</select>
	
	<select id="getComSearch" parameterType="java.util.Map" resultType="community">
	select * from (select rownum rn, tt.*from 
		(select * from community where nickname like '%'||#{comSearchText}||'%' order by comlogtime desc, seq desc)tt 
		)where rn<![CDATA[ >= ]]>#{startNum}
		 and rn <![CDATA[ <= ]]>#{endNum}
		 
	</select>
	
	<select id="getSearchTotalA" parameterType="String" resultType="int">
		select count(*) from community where nickname like '%'||#{comSearchText}||'%'
	</select>
	
</mapper>



























