<?xml version="1.0" encoding="UTF-8"?>
<beans xmlns="http://www.springframework.org/schema/beans"
	xmlns:xsi="http://www.w3.org/2001/XMLSchema-instance"
	xmlns:context="http://www.springframework.org/schema/context"
	xsi:schemaLocation="http://www.springframework.org/schema/beans https://www.springframework.org/schema/beans/spring-beans.xsd
		http://www.springframework.org/schema/context http://www.springframework.org/schema/context/spring-context-4.3.xsd">
	
	<!-- Root Context: defines shared resources visible to all other web components -->
	
	<context:component-scan base-package="admin.dao"/>
	<context:component-scan base-package="admin.service"/>
	
	<context:component-scan base-package="chart.dao"/>
	<context:component-scan base-package="chart.service"/>
	
	<context:component-scan base-package="community.bean"/>
	<context:component-scan base-package="community.dao"/>
	<context:component-scan base-package="community.service"/>
	
	<context:component-scan base-package="member.bean"/>
	<context:component-scan base-package="member.dao"/>
	<context:component-scan base-package="member.service"/>

	<context:component-scan base-package="post.bean"/>
	<context:component-scan base-package="post.dao"/>
	<context:component-scan base-package="post.service"/>
	
	<context:component-scan base-package="spring.conf"/>
</beans>
